{
  "PokeGoMapper": {
    "row": 23.2,
    "height": 18,
    "width": 10
  },
  "btnClear": {
    "container": "container2",
    "subcontainer": "5025f",
    "row": 4.4,
    "col": 3,
    "height": 1
  },
  "btnFilter": {
    "container": "container2",
    "subcontainer": "5025f",
    "row": 4.4,
    "height": 1
  },
  "btnFilterHighCP": {
    "container": "container2",
    "subcontainer": "5025f",
    "row": 6.2,
    "col": 3,
    "height": 1
  },
  "btnFilterHighLevel": {
    "container": "container2",
    "subcontainer": "5025f",
    "row": 6.2,
    "col": 6,
    "height": 1
  },
  "btnFilterHundos": {
    "container": "container2",
    "subcontainer": "5025f",
    "row": 6.2,
    "height": 1
  },
  "btnForceReload": {
    "container": "container1",
    "subcontainer": "5025f",
    "row": 2,
    "col": 3,
    "height": 1
  },
  "btnReload": {
    "container": "container1",
    "subcontainer": "5025f",
    "row": 2,
    "height": 1
  },
  "circularImage1": {
    "container": "tblPoGoStatsData",
    "height": 3,
    "width": 2
  },
  "circularImage2": {
    "container": "tblPoGoStatsData",
    "row": 27,
    "height": 3,
    "width": 2
  },
  "circularImage3": {
    "container": "tblPoGoStatsData",
    "row": 24,
    "height": 3,
    "width": 2
  },
  "circularImage4": {
    "container": "tblPoGoStatsData",
    "row": 21,
    "height": 3,
    "width": 2
  },
  "circularImage5": {
    "container": "tblPoGoStatsData",
    "row": 18,
    "height": 3,
    "width": 2
  },
  "circularImage6": {
    "container": "tblPoGoStatsData",
    "row": 15,
    "height": 3,
    "width": 2
  },
  "circularImage7": {
    "container": "tblPoGoStatsData",
    "row": 12,
    "height": 3,
    "width": 2
  },
  "circularImage8": {
    "container": "tblPoGoStatsData",
    "row": 9,
    "height": 3,
    "width": 2
  },
  "circularImage9": {
    "container": "tblPoGoStatsData",
    "row": 6,
    "height": 3,
    "width": 2
  },
  "cmbMapLocation": {
    "container": "container1",
    "subcontainer": "5025f",
    "row": 0,
    "height": 0.2,
    "width": 6
  },
  "cmbSelectPokeName": {
    "container": "container2",
    "subcontainer": "5025f",
    "height": 0.2,
    "width": 6
  },
  "cmbSelectPokeType": {
    "container": "container2",
    "subcontainer": "5025f",
    "row": 2.4,
    "height": 0.2,
    "width": 6
  },
  "container1": {
    "row": 1.6,
    "height": 2,
    "width": 4
  },
  "container2": {
    "row": 6.8,
    "height": 2,
    "width": 4
  },
  "container5": {
    "row": 16.2,
    "height": 2,
    "width": 4
  },
  "container6": {
    "container": "lstHundos2",
    "height": 4.4,
    "width": 12
  },
  "containerTitle1": {
    "container": "container1",
    "rowGroup": "header",
    "height": 0.6,
    "width": 12
  },
  "containerTitle2": {
    "container": "container2",
    "rowGroup": "header",
    "height": 0.6,
    "width": 12
  },
  "containerTitle5": {
    "container": "container5",
    "rowGroup": "header",
    "height": 0.6,
    "width": 12
  },
  "containerTitle6": {
    "container": "container6",
    "rowGroup": "header",
    "height": 0.6,
    "width": 12
  },
  "image2": {
    "container": "container6",
    "subcontainer": "fa3ac",
    "height": 3,
    "width": 12
  },
  "lstHundos2": {
    "container": "container5",
    "subcontainer": "24014",
    "row": 0,
    "height": 1,
    "width": 12
  },
  "navigation1": {
    "col": 3,
    "height": 1,
    "width": 2
  },
  "numPokeCP": {
    "container": "container2",
    "subcontainer": "5025f",
    "row": 2.4,
    "col": 6,
    "height": 0.2,
    "width": 6
  },
  "numPokeIV": {
    "container": "container2",
    "subcontainer": "5025f",
    "col": 6,
    "height": 0.2,
    "width": 6
  },
  "pageTitle": {
    "height": 0.2
  },
  "progressCircle1": {
    "container": "tblPoGoStatsData",
    "row": 3,
    "height": 2,
    "width": 2
  },
  "tblPoGoStatsData": {
    "row": 1.6,
    "col": 4,
    "height": 21.4,
    "width": 6
  },
  "txtFilterStatus": {
    "container": "container2",
    "subcontainer": "5025f",
    "row": 4.4,
    "col": 6,
    "height": 1,
    "width": 6
  }
}
