{
  "toolscriptVersion": "1.0.0",
  "version": "43.0.9",
  "pageUuid": "7faae5f2-a4a9-11ee-a991-e719e76cf2d9",
  "appTemplate": {
    "appMaxWidth": "2000px",
    "appThemeId": -1,
    "experimentalFeatures": {
      "object": {
        "sourceControlTemplateDehydration": false
      }
    },
    "preloadedAppJSLinks": {
      "array": ["https://unpkg.com/leaflet@1.9.4/dist/leaflet.js"]
    },
    "version": "3.27.0",
    "responsiveLayoutDisabled": true,
    "experimentalDataTabEnabled": true
  }
}
